﻿<?xml version="1.0" encoding="utf-8"?>
<abapGit version="v1.0.0" serializer="LCL_OBJECT_CLAS" serializer_version="v1.0.0">
 <asx:abap xmlns:asx="http://www.sap.com/abapxml" version="1.0">
  <asx:values>
   <VSEOCLASS>
    <CLSNAME>ZCL_EXCEL_TABLE</CLSNAME>
    <LANGU>E</LANGU>
    <DESCRIPT>Represents Excel Table</DESCRIPT>
    <STATE>1</STATE>
    <CLSCCINCL>X</CLSCCINCL>
    <FIXPT>X</FIXPT>
    <UNICODE>X</UNICODE>
   </VSEOCLASS>
   <DESCRIPTIONS>
    <SEOCOMPOTX>
     <CMPNAME>BUILTINSTYLE_DARK1</CMPNAME>
     <LANGU>E</LANGU>
     <DESCRIPT>Built in table style</DESCRIPT>
    </SEOCOMPOTX>
    <SEOCOMPOTX>
     <CMPNAME>BUILTINSTYLE_DARK1</CMPNAME>
     <LANGU>I</LANGU>
     <DESCRIPT>Built in table style</DESCRIPT>
    </SEOCOMPOTX>
    <SEOCOMPOTX>
     <CMPNAME>BUILTINSTYLE_DARK10</CMPNAME>
     <LANGU>E</LANGU>
     <DESCRIPT>Built in table style</DESCRIPT>
    </SEOCOMPOTX>
    <SEOCOMPOTX>
     <CMPNAME>BUILTINSTYLE_DARK11</CMPNAME>
     <LANGU>E</LANGU>
     <DESCRIPT>Built in table style</DESCRIPT>
    </SEOCOMPOTX>
    <SEOCOMPOTX>
     <CMPNAME>BUILTINSTYLE_DARK2</CMPNAME>
     <LANGU>E</LANGU>
     <DESCRIPT>Built in table style</DESCRIPT>
    </SEOCOMPOTX>
    <SEOCOMPOTX>
     <CMPNAME>BUILTINSTYLE_DARK2</CMPNAME>
     <LANGU>I</LANGU>
     <DESCRIPT>Built in table style</DESCRIPT>
    </SEOCOMPOTX>
    <SEOCOMPOTX>
     <CMPNAME>BUILTINSTYLE_DARK3</CMPNAME>
     <LANGU>E</LANGU>
     <DESCRIPT>Built in table style</DESCRIPT>
    </SEOCOMPOTX>
    <SEOCOMPOTX>
     <CMPNAME>BUILTINSTYLE_DARK3</CMPNAME>
     <LANGU>I</LANGU>
     <DESCRIPT>Built in table style</DESCRIPT>
    </SEOCOMPOTX>
    <SEOCOMPOTX>
     <CMPNAME>BUILTINSTYLE_DARK4</CMPNAME>
     <LANGU>E</LANGU>
     <DESCRIPT>Built in table style</DESCRIPT>
    </SEOCOMPOTX>
    <SEOCOMPOTX>
     <CMPNAME>BUILTINSTYLE_DARK4</CMPNAME>
     <LANGU>I</LANGU>
     <DESCRIPT>Built in table style</DESCRIPT>
    </SEOCOMPOTX>
    <SEOCOMPOTX>
     <CMPNAME>BUILTINSTYLE_DARK5</CMPNAME>
     <LANGU>E</LANGU>
     <DESCRIPT>Built in table style</DESCRIPT>
    </SEOCOMPOTX>
    <SEOCOMPOTX>
     <CMPNAME>BUILTINSTYLE_DARK5</CMPNAME>
     <LANGU>I</LANGU>
     <DESCRIPT>Built in table style</DESCRIPT>
    </SEOCOMPOTX>
    <SEOCOMPOTX>
     <CMPNAME>BUILTINSTYLE_DARK6</CMPNAME>
     <LANGU>E</LANGU>
     <DESCRIPT>Built in table style</DESCRIPT>
    </SEOCOMPOTX>
    <SEOCOMPOTX>
     <CMPNAME>BUILTINSTYLE_DARK7</CMPNAME>
     <LANGU>E</LANGU>
     <DESCRIPT>Built in table style</DESCRIPT>
    </SEOCOMPOTX>
    <SEOCOMPOTX>
     <CMPNAME>BUILTINSTYLE_DARK8</CMPNAME>
     <LANGU>E</LANGU>
     <DESCRIPT>Built in table style</DESCRIPT>
    </SEOCOMPOTX>
    <SEOCOMPOTX>
     <CMPNAME>BUILTINSTYLE_DARK9</CMPNAME>
     <LANGU>E</LANGU>
     <DESCRIPT>Built in table style</DESCRIPT>
    </SEOCOMPOTX>
    <SEOCOMPOTX>
     <CMPNAME>BUILTINSTYLE_LIGHT1</CMPNAME>
     <LANGU>E</LANGU>
     <DESCRIPT>Built in table style</DESCRIPT>
    </SEOCOMPOTX>
    <SEOCOMPOTX>
     <CMPNAME>BUILTINSTYLE_LIGHT1</CMPNAME>
     <LANGU>I</LANGU>
     <DESCRIPT>Built in table style</DESCRIPT>
    </SEOCOMPOTX>
    <SEOCOMPOTX>
     <CMPNAME>BUILTINSTYLE_LIGHT10</CMPNAME>
     <LANGU>E</LANGU>
     <DESCRIPT>Built in table style</DESCRIPT>
    </SEOCOMPOTX>
    <SEOCOMPOTX>
     <CMPNAME>BUILTINSTYLE_LIGHT11</CMPNAME>
     <LANGU>E</LANGU>
     <DESCRIPT>Built in table style</DESCRIPT>
    </SEOCOMPOTX>
    <SEOCOMPOTX>
     <CMPNAME>BUILTINSTYLE_LIGHT12</CMPNAME>
     <LANGU>E</LANGU>
     <DESCRIPT>Built in table style</DESCRIPT>
    </SEOCOMPOTX>
    <SEOCOMPOTX>
     <CMPNAME>BUILTINSTYLE_LIGHT13</CMPNAME>
     <LANGU>E</LANGU>
     <DESCRIPT>Built in table style</DESCRIPT>
    </SEOCOMPOTX>
    <SEOCOMPOTX>
     <CMPNAME>BUILTINSTYLE_LIGHT14</CMPNAME>
     <LANGU>E</LANGU>
     <DESCRIPT>Built in table style</DESCRIPT>
    </SEOCOMPOTX>
    <SEOCOMPOTX>
     <CMPNAME>BUILTINSTYLE_LIGHT15</CMPNAME>
     <LANGU>E</LANGU>
     <DESCRIPT>Built in table style</DESCRIPT>
    </SEOCOMPOTX>
    <SEOCOMPOTX>
     <CMPNAME>BUILTINSTYLE_LIGHT16</CMPNAME>
     <LANGU>E</LANGU>
     <DESCRIPT>Built in table style</DESCRIPT>
    </SEOCOMPOTX>
    <SEOCOMPOTX>
     <CMPNAME>BUILTINSTYLE_LIGHT17</CMPNAME>
     <LANGU>E</LANGU>
     <DESCRIPT>Built in table style</DESCRIPT>
    </SEOCOMPOTX>
    <SEOCOMPOTX>
     <CMPNAME>BUILTINSTYLE_LIGHT18</CMPNAME>
     <LANGU>E</LANGU>
     <DESCRIPT>Built in table style</DESCRIPT>
    </SEOCOMPOTX>
    <SEOCOMPOTX>
     <CMPNAME>BUILTINSTYLE_LIGHT19</CMPNAME>
     <LANGU>E</LANGU>
     <DESCRIPT>Built in table style</DESCRIPT>
    </SEOCOMPOTX>
    <SEOCOMPOTX>
     <CMPNAME>BUILTINSTYLE_LIGHT2</CMPNAME>
     <LANGU>E</LANGU>
     <DESCRIPT>Built in table style</DESCRIPT>
    </SEOCOMPOTX>
    <SEOCOMPOTX>
     <CMPNAME>BUILTINSTYLE_LIGHT2</CMPNAME>
     <LANGU>I</LANGU>
     <DESCRIPT>Built in table style</DESCRIPT>
    </SEOCOMPOTX>
    <SEOCOMPOTX>
     <CMPNAME>BUILTINSTYLE_LIGHT20</CMPNAME>
     <LANGU>E</LANGU>
     <DESCRIPT>Built in table style</DESCRIPT>
    </SEOCOMPOTX>
    <SEOCOMPOTX>
     <CMPNAME>BUILTINSTYLE_LIGHT21</CMPNAME>
     <LANGU>E</LANGU>
     <DESCRIPT>Built in table style</DESCRIPT>
    </SEOCOMPOTX>
    <SEOCOMPOTX>
     <CMPNAME>BUILTINSTYLE_LIGHT3</CMPNAME>
     <LANGU>E</LANGU>
     <DESCRIPT>Built in table style</DESCRIPT>
    </SEOCOMPOTX>
    <SEOCOMPOTX>
     <CMPNAME>BUILTINSTYLE_LIGHT3</CMPNAME>
     <LANGU>I</LANGU>
     <DESCRIPT>Built in table style</DESCRIPT>
    </SEOCOMPOTX>
    <SEOCOMPOTX>
     <CMPNAME>BUILTINSTYLE_LIGHT4</CMPNAME>
     <LANGU>E</LANGU>
     <DESCRIPT>Built in table style</DESCRIPT>
    </SEOCOMPOTX>
    <SEOCOMPOTX>
     <CMPNAME>BUILTINSTYLE_LIGHT4</CMPNAME>
     <LANGU>I</LANGU>
     <DESCRIPT>Built in table style</DESCRIPT>
    </SEOCOMPOTX>
    <SEOCOMPOTX>
     <CMPNAME>BUILTINSTYLE_LIGHT5</CMPNAME>
     <LANGU>E</LANGU>
     <DESCRIPT>Built in table style</DESCRIPT>
    </SEOCOMPOTX>
    <SEOCOMPOTX>
     <CMPNAME>BUILTINSTYLE_LIGHT5</CMPNAME>
     <LANGU>I</LANGU>
     <DESCRIPT>Built in table style</DESCRIPT>
    </SEOCOMPOTX>
    <SEOCOMPOTX>
     <CMPNAME>BUILTINSTYLE_LIGHT6</CMPNAME>
     <LANGU>E</LANGU>
     <DESCRIPT>Built in table style</DESCRIPT>
    </SEOCOMPOTX>
    <SEOCOMPOTX>
     <CMPNAME>BUILTINSTYLE_LIGHT7</CMPNAME>
     <LANGU>E</LANGU>
     <DESCRIPT>Built in table style</DESCRIPT>
    </SEOCOMPOTX>
    <SEOCOMPOTX>
     <CMPNAME>BUILTINSTYLE_LIGHT8</CMPNAME>
     <LANGU>E</LANGU>
     <DESCRIPT>Built in table style</DESCRIPT>
    </SEOCOMPOTX>
    <SEOCOMPOTX>
     <CMPNAME>BUILTINSTYLE_LIGHT9</CMPNAME>
     <LANGU>E</LANGU>
     <DESCRIPT>Built in table style</DESCRIPT>
    </SEOCOMPOTX>
    <SEOCOMPOTX>
     <CMPNAME>BUILTINSTYLE_MEDIUM1</CMPNAME>
     <LANGU>E</LANGU>
     <DESCRIPT>Built in table style</DESCRIPT>
    </SEOCOMPOTX>
    <SEOCOMPOTX>
     <CMPNAME>BUILTINSTYLE_MEDIUM1</CMPNAME>
     <LANGU>I</LANGU>
     <DESCRIPT>Built in table style</DESCRIPT>
    </SEOCOMPOTX>
    <SEOCOMPOTX>
     <CMPNAME>BUILTINSTYLE_MEDIUM10</CMPNAME>
     <LANGU>E</LANGU>
     <DESCRIPT>Built in table style</DESCRIPT>
    </SEOCOMPOTX>
    <SEOCOMPOTX>
     <CMPNAME>BUILTINSTYLE_MEDIUM11</CMPNAME>
     <LANGU>E</LANGU>
     <DESCRIPT>Built in table styel</DESCRIPT>
    </SEOCOMPOTX>
    <SEOCOMPOTX>
     <CMPNAME>BUILTINSTYLE_MEDIUM12</CMPNAME>
     <LANGU>E</LANGU>
     <DESCRIPT>Built in table styel</DESCRIPT>
    </SEOCOMPOTX>
    <SEOCOMPOTX>
     <CMPNAME>BUILTINSTYLE_MEDIUM13</CMPNAME>
     <LANGU>E</LANGU>
     <DESCRIPT>Built in table styel</DESCRIPT>
    </SEOCOMPOTX>
    <SEOCOMPOTX>
     <CMPNAME>BUILTINSTYLE_MEDIUM14</CMPNAME>
     <LANGU>E</LANGU>
     <DESCRIPT>Built in table styel</DESCRIPT>
    </SEOCOMPOTX>
    <SEOCOMPOTX>
     <CMPNAME>BUILTINSTYLE_MEDIUM15</CMPNAME>
     <LANGU>E</LANGU>
     <DESCRIPT>Built in table styel</DESCRIPT>
    </SEOCOMPOTX>
    <SEOCOMPOTX>
     <CMPNAME>BUILTINSTYLE_MEDIUM16</CMPNAME>
     <LANGU>E</LANGU>
     <DESCRIPT>Built in table styel</DESCRIPT>
    </SEOCOMPOTX>
    <SEOCOMPOTX>
     <CMPNAME>BUILTINSTYLE_MEDIUM17</CMPNAME>
     <LANGU>E</LANGU>
     <DESCRIPT>Built in table styel</DESCRIPT>
    </SEOCOMPOTX>
    <SEOCOMPOTX>
     <CMPNAME>BUILTINSTYLE_MEDIUM18</CMPNAME>
     <LANGU>E</LANGU>
     <DESCRIPT>Built in table styel</DESCRIPT>
    </SEOCOMPOTX>
    <SEOCOMPOTX>
     <CMPNAME>BUILTINSTYLE_MEDIUM19</CMPNAME>
     <LANGU>E</LANGU>
     <DESCRIPT>Built in table styel</DESCRIPT>
    </SEOCOMPOTX>
    <SEOCOMPOTX>
     <CMPNAME>BUILTINSTYLE_MEDIUM2</CMPNAME>
     <LANGU>E</LANGU>
     <DESCRIPT>Built in table style</DESCRIPT>
    </SEOCOMPOTX>
    <SEOCOMPOTX>
     <CMPNAME>BUILTINSTYLE_MEDIUM2</CMPNAME>
     <LANGU>I</LANGU>
     <DESCRIPT>Built in table style</DESCRIPT>
    </SEOCOMPOTX>
    <SEOCOMPOTX>
     <CMPNAME>BUILTINSTYLE_MEDIUM20</CMPNAME>
     <LANGU>E</LANGU>
     <DESCRIPT>Built in table styel</DESCRIPT>
    </SEOCOMPOTX>
    <SEOCOMPOTX>
     <CMPNAME>BUILTINSTYLE_MEDIUM21</CMPNAME>
     <LANGU>E</LANGU>
     <DESCRIPT>Built in table styel</DESCRIPT>
    </SEOCOMPOTX>
    <SEOCOMPOTX>
     <CMPNAME>BUILTINSTYLE_MEDIUM22</CMPNAME>
     <LANGU>E</LANGU>
     <DESCRIPT>Built in table styel</DESCRIPT>
    </SEOCOMPOTX>
    <SEOCOMPOTX>
     <CMPNAME>BUILTINSTYLE_MEDIUM23</CMPNAME>
     <LANGU>E</LANGU>
     <DESCRIPT>Built in table styel</DESCRIPT>
    </SEOCOMPOTX>
    <SEOCOMPOTX>
     <CMPNAME>BUILTINSTYLE_MEDIUM24</CMPNAME>
     <LANGU>E</LANGU>
     <DESCRIPT>Built in table styel</DESCRIPT>
    </SEOCOMPOTX>
    <SEOCOMPOTX>
     <CMPNAME>BUILTINSTYLE_MEDIUM25</CMPNAME>
     <LANGU>E</LANGU>
     <DESCRIPT>Built in table styel</DESCRIPT>
    </SEOCOMPOTX>
    <SEOCOMPOTX>
     <CMPNAME>BUILTINSTYLE_MEDIUM27</CMPNAME>
     <LANGU>E</LANGU>
     <DESCRIPT>Built in table styel</DESCRIPT>
    </SEOCOMPOTX>
    <SEOCOMPOTX>
     <CMPNAME>BUILTINSTYLE_MEDIUM28</CMPNAME>
     <LANGU>E</LANGU>
     <DESCRIPT>Built in table styel</DESCRIPT>
    </SEOCOMPOTX>
    <SEOCOMPOTX>
     <CMPNAME>BUILTINSTYLE_MEDIUM3</CMPNAME>
     <LANGU>E</LANGU>
     <DESCRIPT>Built in table style</DESCRIPT>
    </SEOCOMPOTX>
    <SEOCOMPOTX>
     <CMPNAME>BUILTINSTYLE_MEDIUM3</CMPNAME>
     <LANGU>I</LANGU>
     <DESCRIPT>Built in table style</DESCRIPT>
    </SEOCOMPOTX>
    <SEOCOMPOTX>
     <CMPNAME>BUILTINSTYLE_MEDIUM4</CMPNAME>
     <LANGU>E</LANGU>
     <DESCRIPT>Built in table style</DESCRIPT>
    </SEOCOMPOTX>
    <SEOCOMPOTX>
     <CMPNAME>BUILTINSTYLE_MEDIUM4</CMPNAME>
     <LANGU>I</LANGU>
     <DESCRIPT>Built in table style</DESCRIPT>
    </SEOCOMPOTX>
    <SEOCOMPOTX>
     <CMPNAME>BUILTINSTYLE_MEDIUM5</CMPNAME>
     <LANGU>E</LANGU>
     <DESCRIPT>Built in table style</DESCRIPT>
    </SEOCOMPOTX>
    <SEOCOMPOTX>
     <CMPNAME>BUILTINSTYLE_MEDIUM5</CMPNAME>
     <LANGU>I</LANGU>
     <DESCRIPT>Built in table style</DESCRIPT>
    </SEOCOMPOTX>
    <SEOCOMPOTX>
     <CMPNAME>BUILTINSTYLE_MEDIUM6</CMPNAME>
     <LANGU>E</LANGU>
     <DESCRIPT>Built in table style</DESCRIPT>
    </SEOCOMPOTX>
    <SEOCOMPOTX>
     <CMPNAME>BUILTINSTYLE_MEDIUM7</CMPNAME>
     <LANGU>E</LANGU>
     <DESCRIPT>Built in table style</DESCRIPT>
    </SEOCOMPOTX>
    <SEOCOMPOTX>
     <CMPNAME>BUILTINSTYLE_MEDIUM8</CMPNAME>
     <LANGU>E</LANGU>
     <DESCRIPT>Built in table style</DESCRIPT>
    </SEOCOMPOTX>
    <SEOCOMPOTX>
     <CMPNAME>BUILTINSTYLE_MEDIUM9</CMPNAME>
     <LANGU>E</LANGU>
     <DESCRIPT>Built in table style</DESCRIPT>
    </SEOCOMPOTX>
    <SEOCOMPOTX>
     <CMPNAME>BUILTINSTYLE_MEDIUM9</CMPNAME>
     <LANGU>I</LANGU>
     <DESCRIPT>Built in table style</DESCRIPT>
    </SEOCOMPOTX>
    <SEOCOMPOTX>
     <CMPNAME>BUILTINSTYLE_PIVOT_LIGHT16</CMPNAME>
     <LANGU>E</LANGU>
     <DESCRIPT>Built in table style</DESCRIPT>
    </SEOCOMPOTX>
    <SEOCOMPOTX>
     <CMPNAME>BUILTINSTYLE_PIVOT_LIGHT16</CMPNAME>
     <LANGU>I</LANGU>
     <DESCRIPT>Built in table style</DESCRIPT>
    </SEOCOMPOTX>
    <SEOCOMPOTX>
     <CMPNAME>FIELDCAT</CMPNAME>
     <LANGU>E</LANGU>
     <DESCRIPT>field catalog</DESCRIPT>
    </SEOCOMPOTX>
    <SEOCOMPOTX>
     <CMPNAME>FIELDCAT</CMPNAME>
     <LANGU>I</LANGU>
     <DESCRIPT>field catalog</DESCRIPT>
    </SEOCOMPOTX>
    <SEOCOMPOTX>
     <CMPNAME>GET_ID</CMPNAME>
     <LANGU>E</LANGU>
     <DESCRIPT>Gets the ID</DESCRIPT>
    </SEOCOMPOTX>
    <SEOCOMPOTX>
     <CMPNAME>GET_ID</CMPNAME>
     <LANGU>I</LANGU>
     <DESCRIPT>Gets the ID</DESCRIPT>
    </SEOCOMPOTX>
    <SEOCOMPOTX>
     <CMPNAME>GET_NAME</CMPNAME>
     <LANGU>E</LANGU>
     <DESCRIPT>Gets the name</DESCRIPT>
    </SEOCOMPOTX>
    <SEOCOMPOTX>
     <CMPNAME>GET_NAME</CMPNAME>
     <LANGU>I</LANGU>
     <DESCRIPT>Gets the name</DESCRIPT>
    </SEOCOMPOTX>
    <SEOCOMPOTX>
     <CMPNAME>GET_TOTALS_FORMULA</CMPNAME>
     <LANGU>E</LANGU>
     <DESCRIPT>Returns formula for totals row based on column  name and fun</DESCRIPT>
    </SEOCOMPOTX>
    <SEOCOMPOTX>
     <CMPNAME>GET_TOTALS_FORMULA</CMPNAME>
     <LANGU>I</LANGU>
     <DESCRIPT>Returns formula for totals row based on column  name and fun</DESCRIPT>
    </SEOCOMPOTX>
    <SEOCOMPOTX>
     <CMPNAME>HAS_TOTALS</CMPNAME>
     <LANGU>E</LANGU>
     <DESCRIPT>Determines if any column has totals function</DESCRIPT>
    </SEOCOMPOTX>
    <SEOCOMPOTX>
     <CMPNAME>HAS_TOTALS</CMPNAME>
     <LANGU>I</LANGU>
     <DESCRIPT>Determines if any column has totals function</DESCRIPT>
    </SEOCOMPOTX>
    <SEOCOMPOTX>
     <CMPNAME>ID</CMPNAME>
     <LANGU>E</LANGU>
     <DESCRIPT>Table ID</DESCRIPT>
    </SEOCOMPOTX>
    <SEOCOMPOTX>
     <CMPNAME>ID</CMPNAME>
     <LANGU>I</LANGU>
     <DESCRIPT>Table ID</DESCRIPT>
    </SEOCOMPOTX>
    <SEOCOMPOTX>
     <CMPNAME>NAME</CMPNAME>
     <LANGU>E</LANGU>
     <DESCRIPT>A string representing the name of the table</DESCRIPT>
    </SEOCOMPOTX>
    <SEOCOMPOTX>
     <CMPNAME>NAME</CMPNAME>
     <LANGU>I</LANGU>
     <DESCRIPT>A string representing the name of the table</DESCRIPT>
    </SEOCOMPOTX>
    <SEOCOMPOTX>
     <CMPNAME>SETTINGS</CMPNAME>
     <LANGU>E</LANGU>
     <DESCRIPT>table settings</DESCRIPT>
    </SEOCOMPOTX>
    <SEOCOMPOTX>
     <CMPNAME>SETTINGS</CMPNAME>
     <LANGU>I</LANGU>
     <DESCRIPT>table settings</DESCRIPT>
    </SEOCOMPOTX>
    <SEOCOMPOTX>
     <CMPNAME>SET_DATA</CMPNAME>
     <LANGU>E</LANGU>
     <DESCRIPT>Sets the reference to table data</DESCRIPT>
    </SEOCOMPOTX>
    <SEOCOMPOTX>
     <CMPNAME>SET_DATA</CMPNAME>
     <LANGU>I</LANGU>
     <DESCRIPT>Sets the reference to table data</DESCRIPT>
    </SEOCOMPOTX>
    <SEOCOMPOTX>
     <CMPNAME>SET_ID</CMPNAME>
     <LANGU>E</LANGU>
     <DESCRIPT>Sets the ID</DESCRIPT>
    </SEOCOMPOTX>
    <SEOCOMPOTX>
     <CMPNAME>SET_ID</CMPNAME>
     <LANGU>I</LANGU>
     <DESCRIPT>Sets the ID</DESCRIPT>
    </SEOCOMPOTX>
    <SEOCOMPOTX>
     <CMPNAME>TABLE_DATA</CMPNAME>
     <LANGU>E</LANGU>
     <DESCRIPT>Ref to data</DESCRIPT>
    </SEOCOMPOTX>
    <SEOCOMPOTX>
     <CMPNAME>TABLE_DATA</CMPNAME>
     <LANGU>I</LANGU>
     <DESCRIPT>Ref to data</DESCRIPT>
    </SEOCOMPOTX>
    <SEOCOMPOTX>
     <CMPNAME>TOTALS_FUNCTION_AVERAGE</CMPNAME>
     <LANGU>E</LANGU>
     <DESCRIPT>Totals function</DESCRIPT>
    </SEOCOMPOTX>
    <SEOCOMPOTX>
     <CMPNAME>TOTALS_FUNCTION_AVERAGE</CMPNAME>
     <LANGU>I</LANGU>
     <DESCRIPT>Totals function</DESCRIPT>
    </SEOCOMPOTX>
    <SEOCOMPOTX>
     <CMPNAME>TOTALS_FUNCTION_COUNT</CMPNAME>
     <LANGU>E</LANGU>
     <DESCRIPT>Totals function</DESCRIPT>
    </SEOCOMPOTX>
    <SEOCOMPOTX>
     <CMPNAME>TOTALS_FUNCTION_COUNT</CMPNAME>
     <LANGU>I</LANGU>
     <DESCRIPT>Totals function</DESCRIPT>
    </SEOCOMPOTX>
    <SEOCOMPOTX>
     <CMPNAME>TOTALS_FUNCTION_CUSTOM</CMPNAME>
     <LANGU>E</LANGU>
     <DESCRIPT>Totals function</DESCRIPT>
    </SEOCOMPOTX>
    <SEOCOMPOTX>
     <CMPNAME>TOTALS_FUNCTION_CUSTOM</CMPNAME>
     <LANGU>I</LANGU>
     <DESCRIPT>Totals function</DESCRIPT>
    </SEOCOMPOTX>
    <SEOCOMPOTX>
     <CMPNAME>TOTALS_FUNCTION_MAX</CMPNAME>
     <LANGU>E</LANGU>
     <DESCRIPT>Totals function</DESCRIPT>
    </SEOCOMPOTX>
    <SEOCOMPOTX>
     <CMPNAME>TOTALS_FUNCTION_MAX</CMPNAME>
     <LANGU>I</LANGU>
     <DESCRIPT>Totals function</DESCRIPT>
    </SEOCOMPOTX>
    <SEOCOMPOTX>
     <CMPNAME>TOTALS_FUNCTION_MIN</CMPNAME>
     <LANGU>E</LANGU>
     <DESCRIPT>Totals function</DESCRIPT>
    </SEOCOMPOTX>
    <SEOCOMPOTX>
     <CMPNAME>TOTALS_FUNCTION_MIN</CMPNAME>
     <LANGU>I</LANGU>
     <DESCRIPT>Totals function</DESCRIPT>
    </SEOCOMPOTX>
    <SEOCOMPOTX>
     <CMPNAME>TOTALS_FUNCTION_SUM</CMPNAME>
     <LANGU>E</LANGU>
     <DESCRIPT>Totals function</DESCRIPT>
    </SEOCOMPOTX>
    <SEOCOMPOTX>
     <CMPNAME>TOTALS_FUNCTION_SUM</CMPNAME>
     <LANGU>I</LANGU>
     <DESCRIPT>Totals function</DESCRIPT>
    </SEOCOMPOTX>
   </DESCRIPTIONS>
  </asx:values>
 </asx:abap>
</abapGit>
