﻿<?xml version="1.0" encoding="utf-8"?>
<abapGit version="v1.0.0" serializer="LCL_OBJECT_DTEL" serializer_version="v1.0.0">
 <asx:abap xmlns:asx="http://www.sap.com/abapxml" version="1.0">
  <asx:values>
   <DD04V>
    <ROLLNAME>ZEXCEL_FILL_TYPE</ROLLNAME>
    <DDLANGUAGE>E</DDLANGUAGE>
    <HEADLEN>09</HEADLEN>
    <SCRLEN1>09</SCRLEN1>
    <SCRLEN2>09</SCRLEN2>
    <SCRLEN3>09</SCRLEN3>
    <DDTEXT>Fill Type</DDTEXT>
    <REPTEXT>Fill Type</REPTEXT>
    <SCRTEXT_S>Fill Type</SCRTEXT_S>
    <SCRTEXT_M>Fill Type</SCRTEXT_M>
    <SCRTEXT_L>Fill Type</SCRTEXT_L>
    <DTELMASTER>E</DTELMASTER>
    <DATATYPE>CHAR</DATATYPE>
    <LENG>000020</LENG>
    <OUTPUTLEN>000020</OUTPUTLEN>
   </DD04V>
  </asx:values>
 </asx:abap>
</abapGit>
