﻿<?xml version="1.0" encoding="utf-8"?>
<abapGit version="v1.0.0" serializer="LCL_OBJECT_DTEL" serializer_version="v1.0.0">
 <asx:abap xmlns:asx="http://www.sap.com/abapxml" version="1.0">
  <asx:values>
   <DD04V>
    <ROLLNAME>ZEXCEL_STYLE_COLOR_ARGB</ROLLNAME>
    <DDLANGUAGE>E</DDLANGUAGE>
    <HEADLEN>10</HEADLEN>
    <SCRLEN1>10</SCRLEN1>
    <SCRLEN2>15</SCRLEN2>
    <SCRLEN3>20</SCRLEN3>
    <DDTEXT>Color ARGB</DDTEXT>
    <REPTEXT>Color ARGB</REPTEXT>
    <SCRTEXT_S>Color ARGB</SCRTEXT_S>
    <SCRTEXT_M>Color ARGB</SCRTEXT_M>
    <SCRTEXT_L>Color ARGB</SCRTEXT_L>
    <DTELMASTER>E</DTELMASTER>
    <DATATYPE>CHAR</DATATYPE>
    <LENG>000008</LENG>
    <OUTPUTLEN>000008</OUTPUTLEN>
   </DD04V>
  </asx:values>
 </asx:abap>
</abapGit>
