﻿<?xml version="1.0" encoding="utf-8"?>
<abapGit version="v1.0.0" serializer="LCL_OBJECT_DTEL" serializer_version="v1.0.0">
 <asx:abap xmlns:asx="http://www.sap.com/abapxml" version="1.0">
  <asx:values>
   <DD04V>
    <ROLLNAME>ZEXCEL_CELL_COLUMN_ALPHA</ROLLNAME>
    <DDLANGUAGE>E</DDLANGUAGE>
    <HEADLEN>11</HEADLEN>
    <SCRLEN1>06</SCRLEN1>
    <SCRLEN2>11</SCRLEN2>
    <SCRLEN3>11</SCRLEN3>
    <DDTEXT>Cell Column</DDTEXT>
    <REPTEXT>Cell Column</REPTEXT>
    <SCRTEXT_S>Column</SCRTEXT_S>
    <SCRTEXT_M>Cell Column</SCRTEXT_M>
    <SCRTEXT_L>Cell Column</SCRTEXT_L>
    <DTELMASTER>E</DTELMASTER>
    <DATATYPE>CHAR</DATATYPE>
    <LENG>000003</LENG>
    <OUTPUTLEN>000003</OUTPUTLEN>
   </DD04V>
  </asx:values>
 </asx:abap>
</abapGit>
