﻿<?xml version="1.0" encoding="utf-8"?>
<abapGit version="v1.0.0" serializer="LCL_OBJECT_DTEL" serializer_version="v1.0.0">
 <asx:abap xmlns:asx="http://www.sap.com/abapxml" version="1.0">
  <asx:values>
   <DD04V>
    <ROLLNAME>ZEXCEL_CONDITION_RULE_ICONSET</ROLLNAME>
    <DDLANGUAGE>E</DDLANGUAGE>
    <HEADLEN>22</HEADLEN>
    <SCRLEN1>10</SCRLEN1>
    <SCRLEN2>18</SCRLEN2>
    <SCRLEN3>22</SCRLEN3>
    <DDTEXT>Condition rule iconset</DDTEXT>
    <REPTEXT>Condition rule iconset</REPTEXT>
    <SCRTEXT_S>Cond. rule</SCRTEXT_S>
    <SCRTEXT_M>Cond. rule iconset</SCRTEXT_M>
    <SCRTEXT_L>Condition rule iconset</SCRTEXT_L>
    <DTELMASTER>E</DTELMASTER>
    <DATATYPE>CHAR</DATATYPE>
    <LENG>000020</LENG>
    <OUTPUTLEN>000020</OUTPUTLEN>
   </DD04V>
  </asx:values>
 </asx:abap>
</abapGit>
