﻿<?xml version="1.0" encoding="utf-8"?>
<abapGit version="v1.0.0" serializer="LCL_OBJECT_DTEL" serializer_version="v1.0.0">
 <asx:abap xmlns:asx="http://www.sap.com/abapxml" version="1.0">
  <asx:values>
   <DD04V>
    <ROLLNAME>ZEXCEL_LOCKED</ROLLNAME>
    <DDLANGUAGE>E</DDLANGUAGE>
    <HEADLEN>11</HEADLEN>
    <SCRLEN1>09</SCRLEN1>
    <SCRLEN2>11</SCRLEN2>
    <SCRLEN3>11</SCRLEN3>
    <DDTEXT>Cell locked</DDTEXT>
    <REPTEXT>Cell locked</REPTEXT>
    <SCRTEXT_S>Cell lock</SCRTEXT_S>
    <SCRTEXT_M>Cell locked</SCRTEXT_M>
    <SCRTEXT_L>Cell locked</SCRTEXT_L>
    <DTELMASTER>E</DTELMASTER>
    <DATATYPE>CHAR</DATATYPE>
    <LENG>000001</LENG>
    <OUTPUTLEN>000001</OUTPUTLEN>
   </DD04V>
  </asx:values>
 </asx:abap>
</abapGit>
