﻿<?xml version="1.0" encoding="utf-8"?>
<abapGit version="v1.0.0" serializer="LCL_OBJECT_INTF" serializer_version="v1.0.0">
 <asx:abap xmlns:asx="http://www.sap.com/abapxml" version="1.0">
  <asx:values>
   <VSEOINTERF>
    <CLSNAME>ZIF_EXCEL_SHEET_PROPERTIES</CLSNAME>
    <LANGU>E</LANGU>
    <DESCRIPT>Sheet properties</DESCRIPT>
    <EXPOSURE>2</EXPOSURE>
    <STATE>1</STATE>
    <UNICODE>X</UNICODE>
   </VSEOINTERF>
   <DESCRIPTIONS>
    <SEOCOMPOTX>
     <CMPNAME>C_BELOW_OFF</CMPNAME>
     <LANGU>E</LANGU>
     <DESCRIPT>Outline summary below/right</DESCRIPT>
    </SEOCOMPOTX>
    <SEOCOMPOTX>
     <CMPNAME>C_BELOW_ON</CMPNAME>
     <LANGU>E</LANGU>
     <DESCRIPT>Outline summary below/right</DESCRIPT>
    </SEOCOMPOTX>
    <SEOCOMPOTX>
     <CMPNAME>C_HIDDEN</CMPNAME>
     <LANGU>E</LANGU>
     <DESCRIPT>Hidden property</DESCRIPT>
    </SEOCOMPOTX>
    <SEOCOMPOTX>
     <CMPNAME>C_HIDEZERO</CMPNAME>
     <LANGU>E</LANGU>
     <DESCRIPT>Show zeros</DESCRIPT>
    </SEOCOMPOTX>
    <SEOCOMPOTX>
     <CMPNAME>C_RIGHT_OFF</CMPNAME>
     <LANGU>E</LANGU>
     <DESCRIPT>Outline summary below/right</DESCRIPT>
    </SEOCOMPOTX>
    <SEOCOMPOTX>
     <CMPNAME>C_RIGHT_ON</CMPNAME>
     <LANGU>E</LANGU>
     <DESCRIPT>Outline summary below/right</DESCRIPT>
    </SEOCOMPOTX>
    <SEOCOMPOTX>
     <CMPNAME>C_SELECTED</CMPNAME>
     <LANGU>E</LANGU>
     <DESCRIPT>Selected property</DESCRIPT>
    </SEOCOMPOTX>
    <SEOCOMPOTX>
     <CMPNAME>C_SHOWZERO</CMPNAME>
     <LANGU>E</LANGU>
     <DESCRIPT>Show zeros</DESCRIPT>
    </SEOCOMPOTX>
    <SEOCOMPOTX>
     <CMPNAME>C_VERYHIDDEN</CMPNAME>
     <LANGU>E</LANGU>
     <DESCRIPT>Hidden property</DESCRIPT>
    </SEOCOMPOTX>
    <SEOCOMPOTX>
     <CMPNAME>C_VISIBLE</CMPNAME>
     <LANGU>E</LANGU>
     <DESCRIPT>Hidden property</DESCRIPT>
    </SEOCOMPOTX>
    <SEOCOMPOTX>
     <CMPNAME>GET_STYLE</CMPNAME>
     <LANGU>E</LANGU>
     <DESCRIPT>Set Style Property</DESCRIPT>
    </SEOCOMPOTX>
    <SEOCOMPOTX>
     <CMPNAME>HIDDEN</CMPNAME>
     <LANGU>E</LANGU>
     <DESCRIPT>Hidden property</DESCRIPT>
    </SEOCOMPOTX>
    <SEOCOMPOTX>
     <CMPNAME>HIDE_COLUMNS_FROM</CMPNAME>
     <LANGU>E</LANGU>
     <DESCRIPT>Cell Column</DESCRIPT>
    </SEOCOMPOTX>
    <SEOCOMPOTX>
     <CMPNAME>INITIALIZE</CMPNAME>
     <LANGU>E</LANGU>
     <DESCRIPT>Inizialize sheet properties</DESCRIPT>
    </SEOCOMPOTX>
    <SEOCOMPOTX>
     <CMPNAME>SELECTED</CMPNAME>
     <LANGU>E</LANGU>
     <DESCRIPT>Selected property</DESCRIPT>
    </SEOCOMPOTX>
    <SEOCOMPOTX>
     <CMPNAME>SET_STYLE</CMPNAME>
     <LANGU>E</LANGU>
     <DESCRIPT>Get Style Property</DESCRIPT>
    </SEOCOMPOTX>
    <SEOCOMPOTX>
     <CMPNAME>SHOW_ZEROS</CMPNAME>
     <LANGU>E</LANGU>
     <DESCRIPT>Show zeros</DESCRIPT>
    </SEOCOMPOTX>
    <SEOCOMPOTX>
     <CMPNAME>STYLE</CMPNAME>
     <LANGU>E</LANGU>
     <DESCRIPT>Style identifier</DESCRIPT>
    </SEOCOMPOTX>
    <SEOCOMPOTX>
     <CMPNAME>SUMMARYBELOW</CMPNAME>
     <LANGU>E</LANGU>
     <DESCRIPT>Outline summary below/right</DESCRIPT>
    </SEOCOMPOTX>
    <SEOCOMPOTX>
     <CMPNAME>SUMMARYRIGHT</CMPNAME>
     <LANGU>E</LANGU>
     <DESCRIPT>Outline summary below/right</DESCRIPT>
    </SEOCOMPOTX>
    <SEOCOMPOTX>
     <CMPNAME>ZOOMSCALE</CMPNAME>
     <LANGU>E</LANGU>
     <DESCRIPT>Sheet Zoom Scale</DESCRIPT>
    </SEOCOMPOTX>
    <SEOCOMPOTX>
     <CMPNAME>ZOOMSCALE_NORMAL</CMPNAME>
     <LANGU>E</LANGU>
     <DESCRIPT>Sheet Zoom Scale</DESCRIPT>
    </SEOCOMPOTX>
    <SEOCOMPOTX>
     <CMPNAME>ZOOMSCALE_PAGELAYOUTVIEW</CMPNAME>
     <LANGU>E</LANGU>
     <DESCRIPT>Sheet Zoom Scale</DESCRIPT>
    </SEOCOMPOTX>
    <SEOCOMPOTX>
     <CMPNAME>ZOOMSCALE_SHEETLAYOUTVIEW</CMPNAME>
     <LANGU>E</LANGU>
     <DESCRIPT>Sheet Zoom Scale</DESCRIPT>
    </SEOCOMPOTX>
   </DESCRIPTIONS>
  </asx:values>
 </asx:abap>
</abapGit>
