﻿<?xml version="1.0" encoding="utf-8"?>
<abapGit version="v1.0.0" serializer="LCL_OBJECT_INTF" serializer_version="v1.0.0">
 <asx:abap xmlns:asx="http://www.sap.com/abapxml" version="1.0">
  <asx:values>
   <VSEOINTERF>
    <CLSNAME>ZIF_EXCEL_BOOK_PROTECTION</CLSNAME>
    <LANGU>E</LANGU>
    <DESCRIPT>Book protection</DESCRIPT>
    <EXPOSURE>2</EXPOSURE>
    <STATE>1</STATE>
    <UNICODE>X</UNICODE>
   </VSEOINTERF>
   <DESCRIPTIONS>
    <SEOCOMPOTX>
     <CMPNAME>C_LOCKED</CMPNAME>
     <LANGU>E</LANGU>
     <DESCRIPT>Book protection indicator</DESCRIPT>
    </SEOCOMPOTX>
    <SEOCOMPOTX>
     <CMPNAME>C_PROTECTED</CMPNAME>
     <LANGU>E</LANGU>
     <DESCRIPT>Book protection indicator</DESCRIPT>
    </SEOCOMPOTX>
    <SEOCOMPOTX>
     <CMPNAME>C_UNLOCKED</CMPNAME>
     <LANGU>E</LANGU>
     <DESCRIPT>Book protection indicator</DESCRIPT>
    </SEOCOMPOTX>
    <SEOCOMPOTX>
     <CMPNAME>C_UNPROTECTED</CMPNAME>
     <LANGU>E</LANGU>
     <DESCRIPT>Book protection indicator</DESCRIPT>
    </SEOCOMPOTX>
    <SEOCOMPOTX>
     <CMPNAME>INITIALIZE</CMPNAME>
     <LANGU>E</LANGU>
     <DESCRIPT>Initialize protection</DESCRIPT>
    </SEOCOMPOTX>
    <SEOCOMPOTX>
     <CMPNAME>LOCKREVISION</CMPNAME>
     <LANGU>E</LANGU>
     <DESCRIPT>Book protection indicator</DESCRIPT>
    </SEOCOMPOTX>
    <SEOCOMPOTX>
     <CMPNAME>LOCKSTRUCTURE</CMPNAME>
     <LANGU>E</LANGU>
     <DESCRIPT>Book protection indicator</DESCRIPT>
    </SEOCOMPOTX>
    <SEOCOMPOTX>
     <CMPNAME>LOCKWINDOWS</CMPNAME>
     <LANGU>E</LANGU>
     <DESCRIPT>Book protection indicator</DESCRIPT>
    </SEOCOMPOTX>
    <SEOCOMPOTX>
     <CMPNAME>PROTECTED</CMPNAME>
     <LANGU>E</LANGU>
     <DESCRIPT>Book protection indicator</DESCRIPT>
    </SEOCOMPOTX>
    <SEOCOMPOTX>
     <CMPNAME>REVISIONSPASSWORD</CMPNAME>
     <LANGU>E</LANGU>
     <DESCRIPT>AES Password</DESCRIPT>
    </SEOCOMPOTX>
    <SEOCOMPOTX>
     <CMPNAME>WORKBOOKPASSWORD</CMPNAME>
     <LANGU>E</LANGU>
     <DESCRIPT>AES Password</DESCRIPT>
    </SEOCOMPOTX>
   </DESCRIPTIONS>
  </asx:values>
 </asx:abap>
</abapGit>
