﻿<?xml version="1.0" encoding="utf-8"?>
<abapGit version="v1.0.0" serializer="LCL_OBJECT_INTF" serializer_version="v1.0.0">
 <asx:abap xmlns:asx="http://www.sap.com/abapxml" version="1.0">
  <asx:values>
   <VSEOINTERF>
    <CLSNAME>ZIF_EXCEL_CONVERTER</CLSNAME>
    <LANGU>E</LANGU>
    <DESCRIPT>Converter Interface</DESCRIPT>
    <EXPOSURE>2</EXPOSURE>
    <STATE>1</STATE>
    <UNICODE>X</UNICODE>
   </VSEOINTERF>
   <DESCRIPTIONS>
    <SEOCOMPOTX>
     <CMPNAME>CAN_CONVERT_OBJECT</CMPNAME>
     <LANGU>E</LANGU>
     <DESCRIPT>Can the object be handled?</DESCRIPT>
    </SEOCOMPOTX>
    <SEOCOMPOTX>
     <CMPNAME>CREATE_FIELDCATALOG</CMPNAME>
     <LANGU>E</LANGU>
     <DESCRIPT>Create FIELDCATALOG for table</DESCRIPT>
    </SEOCOMPOTX>
   </DESCRIPTIONS>
  </asx:values>
 </asx:abap>
</abapGit>
